{"cameraMode":{"drawMode":0,"name":"Shaded","section":"Shading Mode"},"sceneLighting":true,"audioPlay":false,"sceneViewState":{"m_AlwaysRefresh":false,"showFog":true,"showSkybox":true,"showFlares":true,"showImageEffects":true,"showParticleSystems":true,"showVisualEffectGraphs":true,"m_FxEnabled":true},"in2DMode":false,"pivot":{"x":-24.61746597290039,"y":24.135028839111329,"z":-25.049427032470704},"rotation":{"x":0.005339361727237701,"y":-0.9010210633277893,"z":0.4339226186275482,"w":0.012043754570186139},"size":22.80928611755371,"orthographic":false}